timestamp;sampleNum;heartRate;rrLen
1579604534;452;108;554
1579604535;453;103;578
1579604535;454;101;593
1579604536;455;106;562
1579604536;456;114;523
1579604537;457;116;515
1579604537;458;114;523
1579604538;459;112;531
1579604539;460;111;539
1579604539;461;108;554
1579604540;462;108;554
1579604540;463;106;562
1579604541;464;108;554
1579604541;465;102;585
1579604542;466;98;609
1579604543;467;92;648
1579604543;468;97;617
1579604544;469;105;570
1579604544;470;109;546
1579604545;471;111;539
1579604545;472;112;531
1579604546;473;112;531
1579604546;474;116;515
1579604547;475;120;500
1579604547;476;120;500
1579604548;477;116;515
1579604549;478;106;562
1579604549;479;90;664
1579604550;480;81;734
1579604551;481;79;757
1579604551;482;80;742
1579604552;483;88;679
1579604553;484;99;601
1579604553;485;108;554
1579604554;486;109;546
1579604554;487;112;531
1579604555;488;114;523
1579604555;489;112;531
1579604556;490;111;539
1579604556;491;111;539
1579604557;492;109;546
1579604558;493;109;546
1579604558;494;106;562
1579604559;495;97;617
1579604559;496;83;718
1579604560;497;86;695
1579604561;498;89;671
1579604561;499;99;601
1579604562;500;109;546
1579604562;501;111;539
1579604563;502;112;531
1579604564;503;114;523
1579604564;504;114;523
1579604565;505;114;523
1579604565;506;114;523
1579604566;507;112;531
1579604566;508;108;554
1579604567;509;103;578
1579604567;510;102;585
1579604568;511;105;570
1579604569;512;99;601
1579604569;513;97;617
1579604570;514;96;625
1579604570;515;99;601
1579604571;516;103;578
1579604571;517;108;554
1579604572;518;108;554
1579604573;519;108;554
1579604573;520;108;554
1579604574;521;109;546
1579604574;522;109;546
1579604575;523;109;546
1579604575;524;111;539
1579604576;525;109;546
1579604576;526;112;531
1579604577;527;109;546
1579604578;528;103;578
1579604578;529;103;578
1579604579;530;105;570
1579604579;531;99;601
1579604580;532;93;640
1579604581;533;88;679
1579604581;534;96;625
1579604582;535;99;601
1579604582;536;99;601
1579604583;537;101;593
1579604584;538;102;585
1579604584;539;105;570
1579604585;540;106;562
1579604585;541;103;578
1579604586;542;97;617
1579604587;543;82;726
1579604587;544;80;750
1579604588;545;89;671
1579604589;546;94;632
1579604589;547;99;601
1579604590;548;101;593
1579604590;549;103;578
1579604591;550;108;554
1579604592;551;111;539
1579604592;552;114;523
1579604593;553;112;531
1579604593;554;109;546
1579604594;555;108;554
1579604594;556;105;570
1579604595;557;93;640
1579604596;558;83;718
1579604596;559;80;742
1579604597;560;76;789
1579604598;561;80;750
1579604599;562;90;664
1579604599;563;102;585
1579604600;564;105;570
1579604600;565;103;578
1579604601;566;98;609
1579604602;567;99;601
1579604602;568;103;578
1579604603;569;99;601
1579604603;570;99;601
1579604604;571;94;632
1579604605;572;89;671
1579604605;573;98;609
1579604606;574;101;593
1579604606;575;103;578
1579604607;576;103;578
1579604608;577;103;578
1579604608;578;103;578
1579604609;579;105;570
1579604609;580;99;601
1579604610;581;97;617
1579604611;582;92;648
1579604611;583;87;687
1579604612;584;89;671
1579604613;585;93;640
1579604613;586;97;617
1579604614;587;96;625
1579604614;588;96;625
1579604615;589;99;601
1579604616;590;99;601
1579604616;591;105;570
1579604617;592;106;562
1579604617;593;109;546
1579604618;594;106;562
1579604618;595;99;601
1579604619;596;98;609
1579604620;597;91;656
1579604620;598;82;726
1579604621;599;80;750
1579604622;600;86;695
1579604622;601;102;585
1579604623;602;103;578
1579604624;603;106;562
1579604624;604;106;562
1579604625;605;109;546
1579604625;606;112;531
1579604626;607;114;523
1579604626;608;116;515
1579604627;609;116;515
1579604627;610;111;539
1579604628;611;102;585
1579604629;612;96;625
1579604630;613;97;617
1579604630;614;97;617
1579604631;615;91;656
1579604632;616;97;617
1579604632;617;160;375
1579604633;618;65;921
1579604634;619;108;554
1579604634;620;112;531
1579604635;621;114;523
1579604635;622;120;500
1579604636;623;118;507
1579604636;624;116;515
1579604637;625;102;585
1579604638;626;85;703
1579604638;627;80;742
1579604639;628;83;718
1579604640;629;83;718
1579604641;630;89;671
1579604641;631;89;671
1579604642;632;101;593
1579604642;633;106;562
1579604643;634;108;554
1579604644;635;103;578
1579604644;636;103;578
1579604645;637;103;578
1579604645;638;103;578
1579604646;639;106;562
1579604646;640;108;554
1579604647;641;109;546
1579604647;642;109;546
1579604648;643;114;523
1579604648;644;116;515
1579604649;645;116;515
1579604650;646;116;515
1579604650;647;109;546
1579604651;648;93;640
1579604651;649;87;687
1579604652;650;97;617
1579604653;651;105;570
1579604653;652;112;531
1579604654;653;112;531
1579604654;654;114;523
1579604655;655;111;539
1579604655;656;114;523
1579604656;657;116;515
1579604656;658;118;507
1579604657;659;118;507
1579604657;660;120;500
1579604658;661;120;500
1579604658;662;120;500
1579604659;663;116;515
1579604659;664;120;500
1579604660;665;120;500
1579604660;666;121;492
1579604661;667;118;507
1579604661;668;116;515
1579604662;669;114;523
1579604662;670;112;531
1579604663;671;114;523
1579604663;672;116;515
1579604664;673;112;531
1579604664;674;114;523
1579604665;675;114;523
1579604665;676;121;492
1579604666;677;121;492
1579604666;678;121;492
1579604667;679;114;523
1579604667;680;109;546
1579604668;681;105;570
1579604669;682;112;531
1579604669;683;116;515
1579604670;684;120;500
1579604670;685;123;484
1579604671;686;123;484
1579604671;687;123;484
1579604672;688;123;484
1579604672;689;125;476
1579604672;690;125;476
1579604673;691;128;468
1579604673;692;123;484
1579604674;693;123;484
1579604674;694;121;492
1579604675;695;123;484
1579604675;696;121;492
1579604676;697;123;484
1579604676;698;120;500
1579604677;699;114;523
1579604677;700;112;531
1579604678;701;112;531
1579604678;702;112;531
1579604679;703;111;539
1579604680;704;114;523
1579604680;705;112;531
1579604681;706;118;507
1579604681;707;121;492
1579604682;708;123;484
1579604682;709;128;468
1579604682;710;128;468
1579604683;711;130;460
1579604683;712;128;468
1579604684;713;128;468
1579604684;714;128;468
1579604685;715;128;468
1579604685;716;125;476
1579604686;717;128;468
1579604686;718;125;476
1579604687;719;128;468
1579604687;720;130;460
1579604688;721;130;460
1579604688;722;132;453
1579604689;723;130;460
1579604689;724;132;453
1579604689;725;132;453
1579604690;726;132;453
1579604690;727;134;445
1579604691;728;137;437
1579604691;729;137;437
1579604692;730;137;437
1579604692;731;134;445
1579604693;732;132;453
1579604693;733;130;460
1579604693;734;128;468
1579604694;735;130;460
1579604694;736;134;445
1579604695;737;134;445
1579604695;738;134;445
1579604696;739;132;453
1579604696;740;134;445
1579604697;741;132;453
1579604697;742;132;453
1579604698;743;132;453
1579604698;744;134;445
1579604698;745;132;453
1579604699;746;132;453
1579604699;747;130;460
1579604700;748;132;453
1579604700;749;130;460
1579604701;750;134;445
1579604701;751;132;453
1579604702;752;132;453
1579604702;753;132;453
1579604702;754;134;445
1579604703;755;134;445
1579604703;756;134;445
1579604704;757;134;445
1579604704;758;132;453
1579604705;759;132;453
1579604705;760;132;453
1579604706;761;132;453
1579604706;762;132;453
1579604707;763;130;460
1579604707;764;130;460
1579604707;765;128;468
1579604708;766;132;453
1579604708;767;130;460
1579604709;768;132;453
1579604709;769;132;453
1579604710;770;132;453
1579604710;771;130;460
1579604711;772;123;484
1579604711;773;121;492
1579604712;774;123;484
1579604712;775;125;476
1579604713;776;125;476
1579604713;777;128;468
1579604714;778;130;460
1579604714;779;128;468
1579604714;780;128;468
1579604715;781;130;460
1579604715;782;128;468
1579604716;783;132;453
1579604716;784;130;460
1579604717;785;130;460
1579604717;786;130;460
1579604718;787;128;468
1579604718;788;130;460
1579604719;789;130;460
1579604719;790;125;476
1579604720;791;120;500
1579604720;792;118;507
1579604721;793;118;507
1579604721;794;120;500
1579604722;795;118;507
1579604722;796;121;492
1579604723;797;123;484
1579604723;798;125;476
1579604724;799;128;468
1579604724;800;130;460
1579604724;801;128;468
1579604725;802;128;468
1579604725;803;125;476
1579604726;804;125;476
1579604726;805;121;492
1579604727;806;125;476
1579604727;807;116;515
1579604728;808;114;523
1579604728;809;114;523
1579604729;810;118;507
1579604729;811;121;492
1579604730;812;120;500
1579604730;813;121;492
1579604731;814;121;492
1579604731;815;123;484
1579604732;816;123;484
1579604732;817;123;484
1579604733;818;125;476
1579604733;819;125;476
1579604734;820;128;468
1579604734;821;128;468
1579604735;822;132;453
1579604735;823;130;460
1579604736;824;132;453
1579604736;825;132;453
1579604737;826;132;453
1579604737;827;134;445
1579604737;828;132;453
1579604738;829;128;468
1579604738;830;125;476
1579604739;831;121;492
1579604739;832;123;484
1579604740;833;128;468
1579604740;834;128;468
1579604741;835;125;476
1579604741;836;121;492
1579604742;837;123;484
1579604742;838;123;484
1579604743;839;123;484
1579604743;840;125;476
1579604744;841;128;468
1579604744;842;123;484
1579604745;843;121;492
1579604745;844;120;500
1579604746;845;120;500
1579604746;846;120;500
1579604747;847;116;515
1579604747;848;116;515
1579604748;849;116;515
1579604748;850;118;507
1579604749;851;116;515
1579604749;852;114;523
1579604750;853;114;523
1579604750;854;118;507
1579604751;855;120;500
1579604751;856;125;476
1579604752;857;128;468
1579604752;858;128;468
1579604753;859;123;484
1579604753;860;121;492
1579604754;861;116;515
1579604754;862;120;500
1579604755;863;120;500
1579604755;864;116;515
1579604756;865;109;546
1579604756;866;109;546
1579604757;867;112;531
1579604757;868;114;523
1579604758;869;118;507
1579604758;870;118;507
1579604759;871;118;507
1579604759;872;118;507
1579604760;873;120;500
1579604760;874;123;484
1579604761;875;123;484
1579604761;876;121;492
1579604762;877;120;500
1579604762;878;116;515
1579604764;879;56;1070
1579604764;880;120;500
1579604765;881;114;523
1579604765;882;108;554
1579604766;883;103;578
1579604766;884;103;578
1579604767;885;105;570
1579604767;886;109;546
1579604768;887;111;539
1579604769;888;116;515
1579604769;889;120;500
1579604770;890;121;492
1579604770;891;118;507
1579604771;892;114;523
1579604771;893;111;539
1579604772;894;111;539
1579604772;895;109;546
1579604773;896;111;539
1579604773;897;111;539
1579604774;898;111;539
1579604774;899;114;523
1579604775;900;116;515
1579604775;901;116;515
1579604776;902;120;500
1579604776;903;120;500
1579604777;904;125;476
1579604777;905;125;476
1579604778;906;128;468
1579604778;907;125;476
1579604779;908;120;500
1579604779;909;112;531
1579604780;910;106;562
1579604780;911;103;578
1579604781;912;105;570
1579604782;913;105;570
1579604782;914;103;578
1579604783;915;111;539
1579604783;916;116;515
1579604784;917;118;507
1579604784;918;120;500
1579604785;919;120;500
1579604785;920;118;507
1579604786;921;121;492
1579604786;922;121;492
1579604787;923;123;484
1579604787;924;121;492
1579604788;925;120;500
1579604788;926;118;507
1579604789;927;121;492
1579604789;928;121;492
1579604790;929;123;484
1579604790;930;118;507
1579604791;931;114;523
1579604791;932;112;531
1579604792;933;114;523
1579604792;934;111;539
1579604793;935;114;523
1579604793;936;118;507
1579604794;937;120;500
1579604794;938;121;492
1579604795;939;123;484
1579604795;940;123;484
1579604796;941;125;476
1579604796;942;130;460
1579604797;943;130;460
1579604797;944;132;453
1579604798;945;132;453
1579604798;946;132;453
1579604798;947;132;453
1579604799;948;134;445
1579604799;949;128;468
1579604800;950;123;484
1579604800;951;125;476
1579604801;952;123;484
1579604801;953;125;476
1579604802;954;121;492
1579604802;955;121;492
1579604803;956;123;484
1579604803;957;123;484
1579604804;958;128;468
1579604804;959;123;484
1579604805;960;130;460
1579604805;961;130;460
1579604806;962;130;460
1579604806;963;132;453
1579604806;964;132;453
1579604807;965;134;445
1579604807;966;134;445
1579604808;967;137;437
1579604808;968;134;445
1579604809;969;137;437
1579604809;970;137;437
1579604810;971;139;429
1579604810;972;137;437
1579604810;973;139;429
1579604811;974;142;421
1579604811;975;139;429
1579604812;976;139;429
1579604812;977;139;429
1579604813;978;139;429
1579604813;979;139;429
1579604813;980;137;437
1579604814;981;139;429
1579604814;982;137;437
1579604815;983;139;429
1579604815;984;134;445
1579604816;985;137;437
1579604816;986;137;437
1579604816;987;137;437
1579604817;988;137;437
1579604817;989;137;437
1579604818;990;139;429
1579604818;991;137;437
1579604819;992;139;429
1579604819;993;139;429
1579604819;994;139;429
1579604820;995;142;421
1579604820;996;137;437
1579604821;997;139;429
1579604821;998;139;429
1579604822;999;142;421
1579604822;1000;137;437
1579604822;1001;139;429
1579604823;1002;139;429
1579604823;1003;137;437
1579604824;1004;137;437
1579604824;1005;137;437
1579604825;1006;137;437
1579604825;1007;137;437
1579604826;1008;134;445
1579604826;1009;134;445
1579604826;1010;137;437
1579604827;1011;137;437
1579604827;1012;134;445
1579604828;1013;134;445
1579604828;1014;139;429
1579604829;1015;134;445
1579604829;1016;137;437
1579604829;1017;137;437
1579604830;1018;134;445
1579604830;1019;144;414
1579604831;1020;137;437
1579604831;1021;142;421
1579604832;1022;139;429
1579604832;1023;139;429
1579604832;1024;142;421
1579604833;1025;139;429
1579604833;1026;139;429
1579604834;1027;142;421
1579604834;1028;139;429
1579604835;1029;139;429
1579604835;1030;134;445
1579604836;1031;137;437
1579604836;1032;137;437
1579604836;1033;132;453
1579604837;1034;134;445
1579604837;1035;134;445
1579604838;1036;137;437
1579604838;1037;134;445
1579604839;1038;137;437
1579604839;1039;137;437
1579604839;1040;137;437
1579604840;1041;134;445
1579604840;1042;137;437
1579604841;1043;137;437
1579604841;1044;139;429
1579604842;1045;139;429
1579604842;1046;139;429
1579604843;1047;139;429
1579604843;1048;139;429
1579604843;1049;142;421
1579604844;1050;139;429
1579604844;1051;139;429
1579604845;1052;142;421
1579604845;1053;142;421
1579604845;1054;139;429
1579604846;1055;139;429
1579604846;1056;139;429
1579604847;1057;137;437
1579604847;1058;139;429
1579604848;1059;137;437
1579604848;1060;137;437
1579604849;1061;137;437
1579604849;1062;139;429
1579604849;1063;142;421
1579604850;1064;139;429
1579604850;1065;139;429
1579604851;1066;142;421
1579604851;1067;142;421
1579604851;1068;144;414
1579604852;1069;142;421
1579604852;1070;142;421
1579604853;1071;142;421
1579604854;1072;85;703
1579604854;1073;139;429
1579604855;1074;137;437
1579604855;1075;139;429
1579604856;1076;139;429
1579604856;1077;139;429
1579604857;1078;139;429
1579604857;1079;139;429
1579604857;1080;144;414
1579604858;1081;139;429
1579604858;1082;139;429
1579604859;1083;142;421
1579604859;1084;142;421
1579604859;1085;144;414
1579604860;1086;142;421
1579604860;1087;142;421
1579604861;1088;142;421
1579604861;1089;139;429
1579604862;1090;142;421
1579604862;1091;139;429
1579604862;1092;137;437
1579604863;1093;139;429
1579604863;1094;139;429
1579604864;1095;137;437
1579604864;1096;137;437
1579604865;1097;139;429
1579604865;1098;139;429
1579604865;1099;142;421
1579604866;1100;142;421
1579604866;1101;144;414
1579604867;1102;142;421
1579604867;1103;142;421
1579604868;1104;144;414
1579604868;1105;144;414
1579604868;1106;142;421
1579604869;1107;144;414
1579604869;1108;144;414
1579604870;1109;144;414
1579604870;1110;144;414
1579604870;1111;144;414
1579604871;1112;144;414
1579604871;1113;144;414
1579604872;1114;142;421
1579604872;1115;142;421
1579604873;1116;142;421
1579604873;1117;144;414
1579604873;1118;144;414
1579604874;1119;142;421
1579604874;1120;142;421
1579604875;1121;144;414
1579604875;1122;142;421
1579604875;1123;144;414
1579604876;1124;144;414
1579604876;1125;142;421
1579604877;1126;142;421
1579604877;1127;142;421
1579604878;1128;142;421
1579604878;1129;142;421
1579604878;1130;142;421
1579604879;1131;139;429
1579604879;1132;142;421
1579604880;1133;144;414
1579604880;1134;142;421
1579604881;1135;142;421
1579604881;1136;147;406
1579604881;1137;142;421
1579604882;1138;144;414
1579604882;1139;144;414
1579604883;1140;147;406
1579604883;1141;147;406
1579604883;1142;142;421
1579604884;1143;144;414
1579604884;1144;142;421
1579604885;1145;144;414
1579604885;1146;142;421
1579604885;1147;142;421
1579604886;1148;142;421
1579604886;1149;139;429
1579604887;1150;144;414
1579604887;1151;142;421
1579604888;1152;144;414
1579604888;1153;144;414
1579604888;1154;144;414
1579604889;1155;142;421
1579604889;1156;144;414
1579604890;1157;144;414
1579604890;1158;142;421
1579604891;1159;142;421
1579604891;1160;142;421
1579604891;1161;142;421
1579604892;1162;142;421
1579604892;1163;142;421
1579604893;1164;139;429
1579604893;1165;142;421
1579604893;1166;142;421
1579604894;1167;142;421
1579604894;1168;142;421
1579604895;1169;142;421
1579604895;1170;144;414
1579604896;1171;142;421
1579604896;1172;142;421
1579604896;1173;142;421
1579604897;1174;144;414
1579604897;1175;144;414
1579604898;1176;144;414
1579604898;1177;144;414
1579604898;1178;147;406
1579604899;1179;144;414
1579604899;1180;147;406
1579604900;1181;147;406
1579604900;1182;150;398
1579604900;1183;144;414
1579604901;1184;147;406
1579604901;1185;142;421
1579604902;1186;142;421
1579604902;1187;142;421
1579604903;1188;137;437
1579604903;1189;139;429
1579604903;1190;142;421
1579604904;1191;137;437
1579604904;1192;142;421
1579604905;1193;137;437
1579604905;1194;142;421
1579604906;1195;142;421
1579604906;1196;142;421
1579604906;1197;142;421
1579604907;1198;144;414
1579604907;1199;142;421
1579604908;1200;144;414
1579604908;1201;142;421
1579604909;1202;144;414
1579604909;1203;142;421
1579604909;1204;144;414
1579604910;1205;144;414
1579604910;1206;142;421
1579604911;1207;144;414
1579604911;1208;144;414
1579604912;1209;78;765
1579604913;1210;142;421
1579604913;1211;142;421
1579604914;1212;71;835
1579604915;1213;142;421
1579604915;1214;139;429
1579604915;1215;144;414
1579604916;1216;142;421
1579604916;1217;142;421
1579604917;1218;142;421
1579604917;1219;142;421
1579604918;1220;144;414
1579604918;1221;147;406
1579604918;1222;144;414
1579604919;1223;144;414
1579604920;1224;80;750
1579604920;1225;147;406
1579604921;1226;147;406
1579604921;1227;144;414
1579604921;1228;150;398
1579604922;1229;144;414
1579604922;1230;150;398
1579604923;1231;147;406
1579604923;1232;147;406
1579604925;1233;61;968
1579604926;1234;150;398
1579604926;1235;147;406
1579604926;1236;150;398
1579604927;1237;150;398
1579604927;1238;150;398
1579604928;1239;147;406
1579604928;1240;150;398
1579604928;1241;147;406
1579604929;1242;150;398
1579604929;1243;150;398
1579604930;1244;150;398
1579604930;1245;153;390
1579604930;1246;150;398
1579604931;1247;153;390
1579604931;1248;153;390
1579604932;1249;150;398
1579604932;1250;156;382
1579604932;1251;153;390
1579604933;1252;156;382
1579604933;1253;153;390
1579604934;1254;156;382
1579604934;1255;156;382
1579604934;1256;156;382
1579604935;1257;156;382
1579604935;1258;156;382
1579604935;1259;153;390
1579604936;1260;156;382
1579604936;1261;153;390
1579604937;1262;156;382
1579604937;1263;153;390
1579604937;1264;156;382
1579604938;1265;156;382
1579604938;1266;156;382
1579604939;1267;156;382
1579604939;1268;156;382
1579604939;1269;156;382
1579604940;1270;156;382
1579604940;1271;153;390
1579604940;1272;160;375
1579604941;1273;153;390
1579604941;1274;156;382
1579604942;1275;156;382
1579604942;1276;156;382
1579604942;1277;153;390
1579604943;1278;153;390
1579604943;1279;156;382
1579604944;1280;153;390
1579604944;1281;153;390
1579604944;1282;153;390
1579604945;1283;153;390
1579604945;1284;153;390
1579604946;1285;150;398
1579604946;1286;153;390
1579604946;1287;150;398
1579604947;1288;156;382
1579604947;1289;156;382
1579604947;1290;156;382
1579604948;1291;153;390
1579604948;1292;153;390
1579604949;1293;160;375
1579604949;1294;156;382
1579604949;1295;156;382
1579604950;1296;153;390
1579604950;1297;160;375
1579604951;1298;156;382
1579604951;1299;156;382
1579604951;1300;156;382
1579604952;1301;160;375
1579604952;1302;156;382
1579604952;1303;153;390
1579604953;1304;156;382
1579604953;1305;156;382
1579604954;1306;156;382
1579604954;1307;153;390
1579604954;1308;156;382
1579604955;1309;156;382
1579604955;1310;153;390
1579604956;1311;156;382
1579604956;1312;156;382
1579604956;1313;153;390
1579604957;1314;153;390
1579604957;1315;153;390
1579604957;1316;156;382
1579604958;1317;153;390
1579604958;1318;156;382
1579604959;1319;156;382
1579604960;1320;78;765
1579604960;1321;160;375
1579604960;1322;156;382
1579604961;1323;160;375
1579604961;1324;156;382
1579604962;1325;160;375
1579604962;1326;160;375
1579604962;1327;156;382
1579604963;1328;156;382
1579604963;1329;160;375
1579604963;1330;160;375
1579604964;1331;160;375
1579604964;1332;160;375
1579604965;1333;160;375
1579604965;1334;160;375
1579604965;1335;160;375
1579604966;1336;156;382
1579604966;1337;160;375
1579604966;1338;160;375
1579604967;1339;156;382
1579604967;1340;160;375
1579604968;1341;160;375
1579604968;1342;202;296
1579604968;1343;132;453
1579604969;1344;160;375
1579604969;1345;163;367
1579604969;1346;163;367
1579604970;1347;160;375
1579604970;1348;160;375
1579604971;1349;163;367
1579604971;1350;160;375
1579604971;1351;163;367
1579604972;1352;163;367
1579604972;1353;160;375
1579604972;1354;160;375
1579604973;1355;163;367
1579604973;1356;160;375
1579604973;1357;163;367
1579604974;1358;160;375
1579604974;1359;160;375
1579604975;1360;160;375
1579604975;1361;160;375
1579604975;1362;156;382
1579604976;1363;160;375
1579604976;1364;156;382
1579604976;1365;156;382
1579604977;1366;160;375
1579604977;1367;156;382
1579604978;1368;160;375
1579604978;1369;160;375
1579604978;1370;160;375
1579604979;1371;160;375
1579604979;1372;160;375
1579604979;1373;163;367
1579604980;1374;160;375
1579604980;1375;163;367
1579604981;1376;160;375
1579604981;1377;160;375
1579604981;1378;160;375
1579604982;1379;160;375
1579604982;1380;160;375
1579604982;1381;163;367
1579604983;1382;160;375
1579604983;1383;160;375
1579604984;1384;160;375
1579604984;1385;160;375
1579604984;1386;156;382
1579604985;1387;80;750
1579604985;1388;160;375
1579604986;1389;160;375
1579604986;1390;160;375
1579604987;1391;163;367
1579604987;1392;163;367
1579604987;1393;160;375
1579604988;1394;163;367
1579604988;1395;160;375
1579604988;1396;163;367
1579604989;1397;160;375
1579604989;1398;160;375
1579604990;1399;160;375
1579604990;1400;163;367
1579604990;1401;160;375
1579604991;1402;160;375
1579604991;1403;163;367
1579604991;1404;160;375
1579604992;1405;160;375
1579604992;1406;163;367
1579604993;1407;160;375
1579604993;1408;160;375
1579604993;1409;160;375
1579604994;1410;160;375
1579604994;1411;160;375
1579604994;1412;163;367
1579604995;1413;160;375
1579604995;1414;163;367
1579604996;1415;160;375
1579604996;1416;160;375
1579604996;1417;163;367
1579604997;1418;160;375
1579604997;1419;163;367
1579604997;1420;163;367
1579604998;1421;160;375
1579604998;1422;163;367
1579604998;1423;163;367
1579604999;1424;163;367
1579604999;1425;163;367
1579605000;1426;160;375
1579605000;1427;163;367
1579605000;1428;160;375
1579605001;1429;163;367
1579605001;1430;163;367
1579605001;1431;163;367
1579605002;1432;160;375
1579605002;1433;163;367
1579605003;1434;156;382
1579605003;1435;160;375
1579605003;1436;160;375
1579605004;1437;156;382
1579605004;1438;163;367
1579605004;1439;160;375
1579605005;1440;156;382
1579605005;1441;163;367
1579605006;1442;160;375
1579605006;1443;163;367
1579605006;1444;160;375
1579605007;1445;160;375
1579605007;1446;160;375
1579605007;1447;163;367
1579605008;1448;163;367
1579605008;1449;163;367
1579605008;1450;160;375
1579605009;1451;163;367
1579605009;1452;163;367
1579605010;1453;160;375
1579605010;1454;163;367
1579605010;1455;163;367
1579605011;1456;160;375
1579605011;1457;163;367
1579605011;1458;160;375
1579605012;1459;160;375
1579605012;1460;160;375
1579605013;1461;156;382
1579605013;1462;156;382
1579605013;1463;160;375
1579605014;1464;156;382
1579605014;1465;156;382
1579605014;1466;160;375
1579605015;1467;156;382
1579605015;1468;160;375
1579605016;1469;75;796
1579605017;1470;160;375
1579605017;1471;163;367
1579605017;1472;166;359
1579605018;1473;163;367
1579605018;1474;163;367
1579605018;1475;160;375
1579605019;1476;163;367
1579605019;1477;156;382
1579605020;1478;163;367
1579605020;1479;80;750
1579605021;1480;163;367
1579605021;1481;160;375
1579605021;1482;160;375
1579605022;1483;160;375
1579605022;1484;160;375
1579605023;1485;160;375
1579605023;1486;160;375
1579605023;1487;160;375
1579605024;1488;163;367
1579605024;1489;160;375
1579605024;1490;156;382
1579605025;1491;160;375
1579605025;1492;163;367
1579605026;1493;160;375
1579605026;1494;160;375
1579605026;1495;160;375
1579605027;1496;163;367
1579605027;1497;160;375
1579605027;1498;163;367
1579605028;1499;207;289
1579605028;1500;134;445
1579605028;1501;160;375
1579605029;1502;166;359
1579605029;1503;160;375
1579605030;1504;166;359
1579605030;1505;166;359
1579605030;1506;163;367
1579605031;1507;166;359
1579605031;1508;163;367
1579605031;1509;160;375
1579605032;1510;160;375
1579605032;1511;163;367
1579605033;1512;160;375
1579605033;1513;160;375
1579605033;1514;160;375
1579605034;1515;160;375
1579605034;1516;156;382
1579605034;1517;160;375
1579605035;1518;156;382
1579605035;1519;160;375
1579605036;1520;160;375
1579605036;1521;160;375
1579605036;1522;160;375
1579605037;1523;163;367
1579605037;1524;160;375
1579605037;1525;160;375
1579605038;1526;160;375
1579605038;1527;156;382
1579605039;1528;160;375
1579605039;1529;160;375
1579605039;1530;160;375
1579605040;1531;156;382
1579605040;1532;156;382
1579605040;1533;156;382
1579605041;1534;160;375
1579605041;1535;153;390
1579605042;1536;156;382
1579605042;1537;156;382
1579605042;1538;153;390
1579605043;1539;153;390
1579605043;1540;153;390
1579605044;1541;153;390
1579605044;1542;156;382
1579605044;1543;153;390
1579605045;1544;153;390
1579605045;1545;156;382
1579605045;1546;153;390
1579605046;1547;153;390
1579605046;1548;150;398
1579605047;1549;153;390
1579605047;1550;150;398
1579605047;1551;153;390
1579605048;1552;153;390
1579605048;1553;150;398
1579605049;1554;178;335
1579605049;1555;134;445
1579605049;1556;153;390
1579605050;1557;153;390
1579605050;1558;156;382
1579605051;1559;153;390
1579605051;1560;156;382
1579605051;1561;156;382
1579605052;1562;156;382
1579605052;1563;160;375
1579605052;1564;156;382
1579605053;1565;156;382
1579605053;1566;153;390
1579605054;1567;153;390
1579605054;1568;156;382
1579605054;1569;153;390
1579605055;1570;156;382
1579605055;1571;156;382
1579605056;1572;160;375
1579605056;1573;156;382
1579605056;1574;160;375
1579605057;1575;160;375
1579605057;1576;156;382
1579605057;1577;156;382
1579605058;1578;156;382
1579605058;1579;156;382
1579605059;1580;153;390
1579605059;1581;156;382
1579605059;1582;153;390
1579605060;1583;150;398
1579605060;1584;147;406
1579605061;1585;150;398
1579605061;1586;150;398
1579605061;1587;150;398
1579605062;1588;150;398
1579605062;1589;150;398
1579605063;1590;150;398
1579605063;1591;150;398
1579605063;1592;153;390
1579605064;1593;153;390
1579605064;1594;153;390
1579605064;1595;153;390
1579605065;1596;153;390
1579605065;1597;153;390
1579605066;1598;150;398
1579605066;1599;150;398
1579605066;1600;150;398
1579605067;1601;150;398
1579605067;1602;153;390
1579605068;1603;153;390
1579605068;1604;156;382
1579605068;1605;153;390
1579605069;1606;156;382
1579605070;1607;66;898
1579605070;1608;150;398
1579605071;1609;150;398
1579605071;1610;150;398
1579605071;1611;147;406
1579605072;1612;147;406
1579605072;1613;147;406
1579605073;1614;147;406
1579605073;1615;144;414
1579605074;1616;147;406
1579605074;1617;144;414
1579605074;1618;144;414
1579605075;1619;142;421
1579605075;1620;139;429
1579605076;1621;142;421
1579605076;1622;142;421
1579605076;1623;142;421
1579605077;1624;142;421
1579605077;1625;139;429
1579605078;1626;142;421
1579605078;1627;139;429
1579605079;1628;147;406
1579605079;1629;144;414
1579605079;1630;144;414
1579605080;1631;144;414
1579605080;1632;144;414
1579605081;1633;144;414
1579605081;1634;144;414
1579605081;1635;142;421
1579605082;1636;139;429
1579605082;1637;134;445
1579605083;1638;130;460
1579605083;1639;132;453
1579605084;1640;132;453
1579605084;1641;134;445
1579605085;1642;132;453
1579605085;1643;134;445
1579605085;1644;132;453
1579605086;1645;137;437
1579605086;1646;139;429
1579605087;1647;142;421
1579605087;1648;142;421
1579605088;1649;142;421
1579605088;1650;147;406
1579605088;1651;147;406
1579605089;1652;147;406
1579605089;1653;150;398
1579605090;1654;147;406
1579605090;1655;150;398
1579605090;1656;147;406
1579605091;1657;144;414
1579605091;1658;137;437
1579605092;1659;130;460
1579605092;1660;128;468
1579605093;1661;134;445
1579605093;1662;134;445
1579605094;1663;134;445
1579605094;1664;137;437
1579605094;1665;137;437
1579605095;1666;139;429
1579605095;1667;142;421
1579605096;1668;144;414
1579605096;1669;147;406
1579605096;1670;147;406
1579605097;1671;147;406
1579605097;1672;144;414
1579605098;1673;147;406
1579605098;1674;144;414
1579605099;1675;144;414
1579605099;1676;144;414
1579605099;1677;142;421
1579605100;1678;139;429
1579605100;1679;142;421
1579605101;1680;142;421
1579605101;1681;137;437
1579605102;1682;139;429
1579605102;1683;142;421
1579605102;1684;139;429
1579605103;1685;139;429
1579605103;1686;139;429
1579605104;1687;144;414
1579605104;1688;144;414
1579605104;1689;144;414
1579605105;1690;144;414
1579605105;1691;150;398
1579605106;1692;147;406
1579605106;1693;153;390
1579605106;1694;147;406
1579605107;1695;150;398
1579605107;1696;153;390
1579605108;1697;150;398
1579605108;1698;153;390
1579605108;1699;156;382
1579605109;1700;153;390
1579605109;1701;153;390
1579605110;1702;156;382
1579605110;1703;156;382
1579605110;1704;153;390
1579605111;1705;156;382
1579605111;1706;156;382
1579605112;1707;153;390
1579605112;1708;153;390
1579605112;1709;153;390
1579605113;1710;153;390
1579605114;1711;76;789
1579605114;1712;153;390
1579605115;1713;153;390
1579605115;1714;156;382
1579605115;1715;153;390
1579605116;1716;156;382
1579605116;1717;153;390
1579605116;1718;156;382
1579605117;1719;156;382
1579605117;1720;160;375
1579605118;1721;153;390
1579605118;1722;153;390
1579605118;1723;156;382
1579605119;1724;153;390
1579605119;1725;156;382
1579605120;1726;153;390
1579605120;1727;156;382
1579605120;1728;156;382
1579605121;1729;156;382
1579605121;1730;153;390
1579605121;1731;156;382
1579605122;1732;156;382
1579605122;1733;156;382
1579605123;1734;156;382
1579605123;1735;160;375
1579605123;1736;160;375
1579605124;1737;156;382
1579605124;1738;160;375
1579605124;1739;156;382
1579605125;1740;160;375
1579605125;1741;163;367
1579605126;1742;156;382
1579605126;1743;160;375
1579605126;1744;160;375
1579605127;1745;160;375
1579605127;1746;156;382
1579605127;1747;160;375
1579605128;1748;160;375
1579605128;1749;160;375
1579605129;1750;156;382
1579605129;1751;160;375
1579605129;1752;163;367
1579605130;1753;156;382
1579605130;1754;160;375
1579605131;1755;160;375
1579605131;1756;163;367
1579605131;1757;160;375
1579605132;1758;163;367
1579605132;1759;163;367
1579605132;1760;163;367
1579605133;1761;160;375
1579605133;1762;163;367
1579605133;1763;163;367
1579605134;1764;160;375
1579605134;1765;163;367
1579605135;1766;160;375
1579605135;1767;160;375
1579605135;1768;166;359
1579605136;1769;163;367
1579605136;1770;163;367
1579605136;1771;163;367
1579605137;1772;163;367
1579605137;1773;160;375
1579605137;1774;166;359
1579605138;1775;160;375
1579605138;1776;166;359
1579605139;1777;166;359
1579605139;1778;163;367
1579605139;1779;166;359
1579605140;1780;166;359
1579605141;1781;94;632
1579605141;1782;170;351
1579605141;1783;163;367
1579605142;1784;166;359
1579605142;1785;166;359
1579605143;1786;96;625
1579605143;1787;166;359
1579605144;1788;166;359
1579605144;1789;163;367
1579605144;1790;170;351
1579605145;1791;166;359
1579605145;1792;166;359
1579605146;1793;170;351
1579605146;1794;170;351
1579605146;1795;170;351
1579605147;1796;166;359
1579605147;1797;170;351
1579605147;1798;170;351
1579605148;1799;166;359
1579605148;1800;170;351
1579605148;1801;170;351
1579605149;1802;170;351
1579605149;1803;166;359
1579605149;1804;170;351
1579605150;1805;170;351
1579605151;1806;87;687
1579605151;1807;170;351
1579605151;1808;170;351
1579605152;1809;170;351
1579605152;1810;170;351
1579605152;1811;170;351
1579605153;1812;170;351
1579605153;1813;170;351
1579605154;1814;170;351
1579605154;1815;170;351
1579605154;1816;170;351
1579605155;1817;170;351
1579605155;1818;170;351
1579605155;1819;170;351
1579605156;1820;170;351
1579605156;1821;174;343
1579605156;1822;170;351
1579605157;1823;170;351
1579605157;1824;174;343
1579605157;1825;170;351
1579605158;1826;174;343
1579605158;1827;174;343
1579605158;1828;170;351
1579605159;1829;174;343
1579605159;1830;178;335
1579605159;1831;170;351
1579605160;1832;174;343
1579605160;1833;170;351
1579605160;1834;174;343
1579605161;1835;174;343
1579605161;1836;174;343
1579605162;1837;174;343
1579605162;1838;170;351
1579605162;1839;174;343
1579605163;1840;174;343
1579605163;1841;174;343
1579605163;1842;174;343
1579605164;1843;174;343
1579605164;1844;174;343
1579605164;1845;170;351
1579605165;1846;174;343
1579605165;1847;174;343
1579605165;1848;174;343
1579605166;1849;170;351
1579605166;1850;174;343
1579605166;1851;174;343
1579605167;1852;174;343
1579605167;1853;170;351
1579605167;1854;170;351
1579605168;1855;170;351
1579605168;1856;174;343
1579605168;1857;166;359
1579605169;1858;170;351
1579605169;1859;170;351
1579605170;1860;170;351
1579605170;1861;170;351
1579605170;1862;170;351
1579605171;1863;166;359
1579605171;1864;170;351
1579605171;1865;170;351
1579605172;1866;170;351
1579605172;1867;170;351
1579605172;1868;170;351
1579605173;1869;170;351
1579605173;1870;170;351
1579605173;1871;170;351
1579605174;1872;170;351
1579605174;1873;170;351
1579605174;1874;166;359
1579605175;1875;170;351
1579605175;1876;166;359
1579605176;1877;166;359
1579605176;1878;166;359
1579605176;1879;166;359
1579605177;1880;166;359
1579605177;1881;166;359
1579605177;1882;166;359
1579605178;1883;166;359
1579605178;1884;170;351
1579605178;1885;166;359
1579605179;1886;163;367
1579605179;1887;166;359
1579605179;1888;166;359
1579605180;1889;170;351
1579605180;1890;166;359
1579605181;1891;166;359
1579605181;1892;170;351
1579605181;1893;170;351
1579605182;1894;170;351
1579605182;1895;170;351
1579605182;1896;166;359
1579605183;1897;170;351
1579605183;1898;170;351
1579605183;1899;170;351
1579605184;1900;170;351
1579605184;1901;166;359
1579605184;1902;170;351
1579605185;1903;170;351
1579605185;1904;170;351
1579605185;1905;170;351
1579605186;1906;170;351
1579605186;1907;170;351
1579605186;1908;170;351
1579605187;1909;170;351
1579605188;1910;77;773
1579605188;1911;166;359
1579605189;1912;170;351
1579605189;1913;170;351
1579605189;1914;170;351
1579605190;1915;170;351
1579605190;1916;170;351
1579605190;1917;170;351
1579605191;1918;174;343
1579605191;1919;170;351
1579605191;1920;166;359
1579605192;1921;170;351
1579605192;1922;166;359
1579605192;1923;163;367
1579605193;1924;166;359
1579605193;1925;163;367
1579605193;1926;163;367
1579605194;1927;163;367
1579605194;1928;163;367
1579605195;1929;163;367
1579605195;1930;166;359
1579605195;1931;166;359
1579605196;1932;163;367
1579605196;1933;166;359
1579605196;1934;163;367
1579605197;1935;166;359
1579605197;1936;163;367
1579605197;1937;166;359
1579605198;1938;166;359
1579605198;1939;163;367
1579605199;1940;163;367
1579605199;1941;163;367
1579605199;1942;163;367
1579605200;1943;163;367
1579605200;1944;163;367
1579605200;1945;160;375
1579605201;1946;156;382
1579605201;1947;156;382
1579605202;1948;156;382
1579605202;1949;156;382
1579605202;1950;160;375
1579605203;1951;156;382
1579605203;1952;160;375
1579605203;1953;160;375
1579605204;1954;156;382
1579605204;1955;160;375
1579605205;1956;160;375
1579605205;1957;163;367
1579605205;1958;160;375
1579605206;1959;160;375
1579605206;1960;156;382
1579605206;1961;160;375
1579605207;1962;160;375
1579605207;1963;156;382
1579605208;1964;156;382
1579605208;1965;156;382
1579605208;1966;153;390
1579605209;1967;153;390
1579605209;1968;156;382
1579605210;1969;153;390
1579605210;1970;156;382
1579605210;1971;156;382
1579605211;1972;156;382
1579605211;1973;160;375
1579605211;1974;156;382
1579605212;1975;153;390
1579605212;1976;153;390
1579605213;1977;150;398
1579605213;1978;150;398
1579605213;1979;150;398
1579605214;1980;150;398
1579605214;1981;150;398
1579605215;1982;150;398
1579605215;1983;150;398
1579605215;1984;150;398
1579605216;1985;150;398
1579605216;1986;153;390
1579605217;1987;150;398
1579605217;1988;150;398
1579605217;1989;153;390
1579605218;1990;153;390
1579605218;1991;153;390
1579605219;1992;153;390
1579605219;1993;156;382
1579605219;1994;156;382
1579605220;1995;160;375
1579605220;1996;156;382
1579605220;1997;156;382
1579605221;1998;156;382
1579605221;1999;150;398
1579605222;2000;150;398
1579605222;2001;150;398
1579605222;2002;147;406
1579605223;2003;147;406
1579605223;2004;144;414
1579605224;2005;142;421
1579605224;2006;144;414
1579605224;2007;147;406
1579605225;2008;147;406
1579605225;2009;150;398
1579605226;2010;153;390
1579605226;2011;156;382
1579605226;2012;156;382
1579605227;2013;153;390
1579605227;2014;150;398
1579605228;2015;150;398
1579605228;2016;147;406
1579605228;2017;147;406
1579605229;2018;144;414
1579605229;2019;139;429
1579605230;2020;139;429
1579605230;2021;142;421
1579605231;2022;142;421
1579605231;2023;139;429
1579605231;2024;139;429
1579605232;2025;137;437
1579605232;2026;139;429
1579605233;2027;139;429
1579605233;2028;142;421
1579605234;2029;142;421
1579605234;2030;142;421
1579605234;2031;144;414
1579605235;2032;144;414
1579605235;2033;147;406
1579605236;2034;144;414
1579605236;2035;147;406
1579605236;2036;144;414
1579605237;2037;147;406
1579605237;2038;144;414
1579605238;2039;142;421
1579605238;2040;139;429
1579605239;2041;139;429
1579605239;2042;142;421
1579605239;2043;142;421
1579605240;2044;142;421
1579605240;2045;147;406
1579605241;2046;147;406
1579605241;2047;144;414
1579605241;2048;144;414
1579605242;2049;144;414
1579605242;2050;142;421
1579605243;2051;142;421
1579605243;2052;139;429
1579605244;2053;134;445
1579605244;2054;134;445
1579605244;2055;134;445
1579605245;2056;137;437
1579605245;2057;134;445
1579605246;2058;134;445
1579605246;2059;132;453
1579605247;2060;132;453
1579605247;2061;137;437
1579605248;2062;137;437
1579605248;2063;137;437
1579605248;2064;139;429
1579605249;2065;139;429
1579605249;2066;142;421
1579605250;2067;142;421
1579605250;2068;142;421
1579605251;2069;142;421
1579605251;2070;139;429
1579605251;2071;134;445
1579605252;2072;132;453
1579605253;2073;57;1046
1579605254;2074;102;585
1579605254;2075;101;593
1579605255;2076;114;523
1579605255;2077;120;500
1579605256;2078;121;492
1579605256;2079;121;492
1579605257;2080;123;484
1579605257;2081;128;468
1579605258;2082;128;468
1579605258;2083;132;453
1579605259;2084;134;445
1579605259;2085;134;445
1579605260;2086;137;437
1579605260;2087;137;437
1579605260;2088;139;429
1579605261;2089;137;437
1579605261;2090;134;445
1579605262;2091;134;445
1579605262;2092;128;468
1579605263;2093;125;476
1579605263;2094;123;484
1579605264;2095;128;468
1579605264;2096;130;460
1579605265;2097;130;460
1579605265;2098;132;453
1579605266;2099;132;453
1579605266;2100;132;453
1579605266;2101;130;460
1579605267;2102;132;453
1579605267;2103;132;453
1579605268;2104;130;460
1579605268;2105;128;468
1579605269;2106;125;476
1579605269;2107;125;476
1579605270;2108;125;476
1579605270;2109;128;468
1579605271;2110;130;460
1579605271;2111;130;460
1579605272;2112;132;453
1579605272;2113;132;453
1579605272;2114;132;453
1579605273;2115;134;445
1579605273;2116;132;453
1579605274;2117;134;445
1579605274;2118;132;453
1579605275;2119;134;445
1579605275;2120;132;453
1579605276;2121;134;445
1579605276;2122;132;453
1579605276;2123;134;445
1579605277;2124;132;453
1579605277;2125;130;460
1579605278;2126;128;468
1579605278;2127;128;468
1579605279;2128;132;453
1579605279;2129;130;460
1579605280;2130;130;460
1579605280;2131;132;453
1579605281;2132;130;460
1579605281;2133;132;453
1579605282;2134;134;445
1579605282;2135;134;445
1579605282;2136;137;437
1579605283;2137;139;429
1579605283;2138;139;429
1579605284;2139;137;437
1579605284;2140;137;437
1579605285;2141;134;445
1579605285;2142;128;468
1579605286;2143;128;468
1579605286;2144;123;484
1579605286;2145;125;476
1579605287;2146;123;484
1579605287;2147;128;468
1579605288;2148;125;476
1579605288;2149;125;476
1579605289;2150;128;468
1579605289;2151;130;460
1579605290;2152;130;460
1579605290;2153;134;445
1579605291;2154;132;453
1579605291;2155;132;453
1579605292;2156;132;453
1579605292;2157;132;453
1579605292;2158;132;453
1579605293;2159;130;460
1579605293;2160;130;460
1579605294;2161;130;460
1579605294;2162;130;460
1579605295;2163;130;460
1579605295;2164;130;460
1579605296;2165;130;460
1579605297;2166;58;1031
1579605297;2167;132;453
1579605298;2168;134;445
1579605298;2169;132;453
1579605299;2170;137;437
1579605299;2171;134;445
1579605300;2172;134;445
1579605300;2173;134;445
1579605301;2174;134;445
1579605301;2175;137;437
1579605301;2176;134;445
1579605302;2177;137;437
1579605302;2178;134;445
1579605303;2179;137;437
1579605303;2180;137;437
1579605304;2181;137;437
1579605304;2182;137;437
1579605304;2183;137;437
1579605305;2184;134;445
1579605305;2185;134;445
1579605306;2186;137;437
1579605306;2187;134;445
1579605307;2188;134;445
1579605307;2189;134;445
1579605308;2190;132;453
1579605308;2191;132;453
1579605308;2192;132;453
1579605309;2193;134;445
1579605309;2194;132;453
1579605310;2195;132;453
1579605310;2196;130;460
1579605311;2197;132;453
1579605311;2198;132;453
1579605312;2199;134;445
1579605312;2200;134;445
1579605313;2201;134;445
1579605313;2202;134;445
1579605313;2203;137;437
1579605314;2204;134;445
1579605314;2205;134;445
1579605315;2206;132;453
1579605315;2207;132;453
1579605316;2208;132;453
1579605316;2209;132;453
1579605317;2210;132;453
1579605317;2211;132;453
1579605317;2212;134;445
1579605318;2213;130;460
1579605318;2214;132;453
1579605319;2215;134;445
1579605319;2216;134;445
1579605320;2217;137;437
1579605320;2218;137;437
1579605321;2219;137;437
1579605321;2220;137;437
1579605321;2221;139;429
1579605322;2222;139;429
1579605322;2223;139;429
1579605323;2224;142;421
1579605323;2225;139;429
1579605324;2226;139;429
1579605324;2227;142;421
1579605324;2228;137;437
1579605325;2229;142;421
1579605325;2230;137;437
1579605326;2231;134;445
1579605326;2232;134;445
1579605327;2233;134;445
1579605327;2234;132;453
1579605328;2235;134;445
1579605328;2236;132;453
1579605328;2237;134;445
1579605329;2238;132;453
1579605329;2239;130;460
1579605330;2240;132;453
1579605330;2241;132;453
1579605331;2242;132;453
1579605331;2243;134;445
1579605332;2244;134;445
1579605332;2245;134;445
1579605332;2246;134;445
1579605333;2247;134;445
1579605333;2248;134;445
1579605334;2249;134;445
1579605334;2250;130;460
1579605335;2251;128;468
1579605335;2252;125;476
1579605336;2253;132;453
1579605336;2254;130;460
1579605337;2255;130;460
1579605337;2256;130;460
1579605338;2257;128;468
1579605338;2258;128;468
1579605338;2259;130;460
1579605339;2260;128;468
1579605339;2261;130;460
1579605340;2262;128;468
1579605340;2263;125;476
1579605341;2264;128;468
1579605341;2265;130;460
1579605342;2266;130;460
1579605342;2267;130;460
1579605343;2268;132;453
1579605343;2269;130;460
1579605344;2270;130;460
1579605344;2271;132;453
1579605344;2272;134;445
1579605345;2273;130;460
1579605345;2274;132;453
1579605346;2275;128;468
1579605346;2276;128;468
1579605347;2277;130;460
1579605347;2278;128;468
1579605348;2279;128;468
1579605348;2280;125;476
1579605349;2281;128;468
1579605349;2282;125;476
1579605350;2283;128;468
1579605350;2284;125;476
1579605351;2285;125;476
1579605351;2286;128;468
1579605351;2287;130;460
1579605352;2288;130;460
1579605352;2289;130;460
1579605353;2290;132;453
1579605353;2291;132;453
1579605354;2292;134;445
1579605354;2293;132;453
1579605355;2294;130;460
1579605355;2295;132;453
1579605356;2296;130;460
1579605356;2297;132;453
1579605356;2298;128;468
1579605357;2299;128;468
1579605357;2300;130;460
1579605358;2301;130;460
1579605358;2302;132;453
1579605359;2303;130;460
1579605359;2304;132;453
1579605360;2305;132;453
1579605361;2306;73;820
1579605361;2307;134;445
1579605362;2308;137;437
1579605362;2309;134;445
1579605363;2310;134;445
1579605363;2311;137;437
1579605364;2312;137;437
1579605364;2313;137;437
1579605364;2314;137;437
1579605365;2315;139;429
1579605365;2316;137;437
1579605366;2317;139;429
1579605366;2318;137;437
1579605367;2319;134;445
1579605367;2320;134;445
1579605367;2321;132;453
1579605368;2322;132;453
1579605368;2323;132;453
1579605369;2324;128;468
1579605369;2325;128;468
1579605370;2326;128;468
1579605370;2327;125;476
1579605371;2328;130;460
1579605371;2329;132;453
1579605372;2330;132;453
1579605372;2331;132;453
1579605373;2332;132;453
1579605373;2333;132;453
1579605373;2334;132;453
1579605374;2335;132;453
1579605374;2336;132;453
1579605375;2337;132;453
1579605375;2338;132;453
1579605376;2339;130;460
1579605376;2340;130;460
1579605377;2341;130;460
1579605377;2342;128;468
1579605378;2343;130;460
1579605378;2344;255;0
